"CardNumber","ExpirationDate","NameOfCardHolder","IsValid","Type"
"5410000000000000","3/20/2030","Alice","valid","MasterCard"
"6010000000000000","4/20/2030","Bob","invalid","invalid"
"341000000000000","5/20/2030","Eve","valid","AmericanExpress"
"6010000000000000","6/20/2030","Richard","invalid","invalid"
"371000000000000","6/20/2030","prasanna","valid","AmericanExpress"
"6010000000000000","6/20/2030","reddy","invalid","invalid"
"5120000000000000","6/20/2030","reddy","valid","MasterCard"
"5290000000000000","6/20/2030","tef","valid","MasterCard"
"5390000000000000","6/20/2030","fed","valid","MasterCard"
"5490000000000000","6/20/2030","dad","valid","MasterCard"
"5550000000000000","6/20/2030","bob","valid","MasterCard"
"4790000000000","6/20/2030","wee","valid","Visa"
"4840000000000000","6/20/2030","dee","valid","Visa"
"349000000000000","6/20/2030","fgg","valid","AmericanExpress"
"378000000000000","6/20/2030","rrr","valid","AmericanExpress"
"6010000000000000","6/20/2030","emm","invalid","invalid"
"67700000","6/20/2030","yyyy","invalid","invalid"
"ssssss","#####","revanth","invalid","invalid"
"5000000000000000","##### ","m1","invalid","invalid"
